<?xml version="1.0" encoding="UTF-8"?>
<java version="15.0.2" class="java.beans.XMLDecoder">
 <object class="org.eclipse.epp.internal.mpc.ui.catalog.MarketplaceInfo" id="MarketplaceInfo0">
  <void property="iuToNodeKey">
   <void method="put">
    <string>org.eclipse.embedcdt.templates.stm</string>
    <object class="java.util.ArrayList">
     <void method="add">
      <string>https://marketplace.eclipse.org#2593184</string>
     </void>
    </object>
   </void>
   <void method="put">
    <string>org.faktorips.feature</string>
    <object class="java.util.ArrayList">
     <void method="add">
      <string>https://marketplace.eclipse.org#391</string>
     </void>
    </object>
   </void>
   <void method="put">
    <string>org.eclipse.wildwebdeveloper.embedder.node.feature</string>
    <object class="java.util.ArrayList">
     <void method="add">
      <string>https://marketplace.eclipse.org#2963400</string>
     </void>
    </object>
   </void>
   <void method="put">
    <string>org.faktorips.feature.nls1</string>
    <object class="java.util.ArrayList">
     <void method="add">
      <string>https://marketplace.eclipse.org#391</string>
     </void>
    </object>
   </void>
   <void method="put">
    <string>org.faktorips.groovy.feature</string>
    <object class="java.util.ArrayList">
     <void method="add">
      <string>https://marketplace.eclipse.org#391</string>
     </void>
    </object>
   </void>
   <void method="put">
    <string>cucumber.eclipse.feature</string>
    <object class="java.util.ArrayList">
     <void method="add">
      <string>https://marketplace.eclipse.org#3759385</string>
     </void>
    </object>
   </void>
   <void method="put">
    <string>org.eclipse.wst.xml_ui.feature</string>
    <object class="java.util.ArrayList">
     <void method="add">
      <string>https://marketplace.eclipse.org#2963400</string>
     </void>
    </object>
   </void>
   <void method="put">
    <string>io.mashin.oep.feature</string>
    <object class="java.util.ArrayList">
     <void method="add">
      <string>https://marketplace.eclipse.org#2503410</string>
     </void>
    </object>
   </void>
   <void method="put">
    <string>org.eclipse.embedcdt.codered</string>
    <object class="java.util.ArrayList">
     <void method="add">
      <string>https://marketplace.eclipse.org#2593184</string>
     </void>
    </object>
   </void>
   <void method="put">
    <string>org.eclipse.embedcdt.debug.gdbjtag.pyocd</string>
    <object class="java.util.ArrayList">
     <void method="add">
      <string>https://marketplace.eclipse.org#2593184</string>
     </void>
    </object>
   </void>
   <void method="put">
    <string>org.agileware.natural.jbehave.feature</string>
    <object class="java.util.ArrayList">
     <void method="add">
      <string>https://marketplace.eclipse.org#2427135</string>
     </void>
    </object>
   </void>
   <void method="put">
    <string>org.eclipse.embedcdt.debug.gdbjtag.jlink</string>
    <object class="java.util.ArrayList">
     <void method="add">
      <string>https://marketplace.eclipse.org#2593184</string>
     </void>
    </object>
   </void>
   <void method="put">
    <string>org.agileware.natural.cucumber.feature</string>
    <object class="java.util.ArrayList">
     <void method="add">
      <string>https://marketplace.eclipse.org#2427135</string>
     </void>
    </object>
   </void>
   <void method="put">
    <string>org.eclipse.wst.web_ui.feature</string>
    <object class="java.util.ArrayList">
     <void method="add">
      <string>https://marketplace.eclipse.org#2963400</string>
     </void>
     <void method="add">
      <string>https://marketplace.eclipse.org#1103239</string>
     </void>
    </object>
   </void>
   <void method="put">
    <string>org.eclipse.egit</string>
    <object class="java.util.ArrayList">
     <void method="add">
      <string>https://marketplace.eclipse.org#2963400</string>
     </void>
    </object>
   </void>
   <void method="put">
    <string>nu.psnet.quickimage</string>
    <object class="java.util.ArrayList">
     <void method="add">
      <string>https://marketplace.eclipse.org#116</string>
     </void>
    </object>
   </void>
   <void method="put">
    <string>org.eclipse.wst.web_js_support.feature</string>
    <object class="java.util.ArrayList">
     <void method="add">
      <string>https://marketplace.eclipse.org#2963400</string>
     </void>
    </object>
   </void>
   <void method="put">
    <string>org.eclipse.embedcdt.templates.cortexm</string>
    <object class="java.util.ArrayList">
     <void method="add">
      <string>https://marketplace.eclipse.org#2593184</string>
     </void>
    </object>
   </void>
   <void method="put">
    <string>FileSync</string>
    <object class="java.util.ArrayList">
     <void method="add">
      <string>https://marketplace.eclipse.org#204</string>
     </void>
    </object>
   </void>
   <void method="put">
    <string>org.eclipse.embedcdt.packs</string>
    <object class="java.util.ArrayList">
     <void method="add">
      <string>https://marketplace.eclipse.org#2593184</string>
     </void>
    </object>
   </void>
   <void method="put">
    <string>io.vertigo.dsl.feature</string>
    <object class="java.util.ArrayList">
     <void method="add">
      <string>https://marketplace.eclipse.org#5220472</string>
     </void>
    </object>
   </void>
   <void method="put">
    <string>org.eclipse.embedcdt.managedbuild.cross.riscv</string>
    <object class="java.util.ArrayList">
     <void method="add">
      <string>https://marketplace.eclipse.org#2593184</string>
     </void>
    </object>
   </void>
   <void method="put">
    <string>org.eclipse.tips.feature</string>
    <object class="java.util.ArrayList">
     <void method="add">
      <string>https://marketplace.eclipse.org#2963400</string>
     </void>
    </object>
   </void>
   <void method="put">
    <string>org.eclipse.wst.xsl.feature</string>
    <object class="java.util.ArrayList">
     <void method="add">
      <string>https://marketplace.eclipse.org#2963400</string>
     </void>
    </object>
   </void>
   <void method="put">
    <string>com.wakatime.eclipse.feature</string>
    <object class="java.util.ArrayList">
     <void method="add">
      <string>https://marketplace.eclipse.org#1675077</string>
     </void>
    </object>
   </void>
   <void method="put">
    <string>org.eclipse.tm.terminal.feature</string>
    <object class="java.util.ArrayList">
     <void method="add">
      <string>https://marketplace.eclipse.org#2963400</string>
     </void>
    </object>
   </void>
   <void method="put">
    <string>org.eclipse.embedcdt.templates.sifive</string>
    <object class="java.util.ArrayList">
     <void method="add">
      <string>https://marketplace.eclipse.org#2593184</string>
     </void>
    </object>
   </void>
   <void method="put">
    <string>org.eclipse.wst.server_ui.feature</string>
    <object class="java.util.ArrayList">
     <void method="add">
      <string>https://marketplace.eclipse.org#2963400</string>
     </void>
    </object>
   </void>
   <void method="put">
    <string>org.eclipse.wildwebdeveloper.feature</string>
    <object class="java.util.ArrayList">
     <void method="add">
      <string>https://marketplace.eclipse.org#2963400</string>
     </void>
    </object>
   </void>
   <void method="put">
    <string>org.eclipse.embedcdt.debug.gdbjtag.qemu</string>
    <object class="java.util.ArrayList">
     <void method="add">
      <string>https://marketplace.eclipse.org#2593184</string>
     </void>
    </object>
   </void>
   <void method="put">
    <string>org.jboss.tools.hibernate.search.feature</string>
    <object class="java.util.ArrayList">
     <void method="add">
      <string>https://marketplace.eclipse.org#2676358</string>
     </void>
    </object>
   </void>
   <void method="put">
    <string>org.eclipse.embedcdt.debug.gdbjtag.openocd</string>
    <object class="java.util.ArrayList">
     <void method="add">
      <string>https://marketplace.eclipse.org#2593184</string>
     </void>
    </object>
   </void>
   <void method="put">
    <string>org.eclipse.embedcdt.templates.ad</string>
    <object class="java.util.ArrayList">
     <void method="add">
      <string>https://marketplace.eclipse.org#2593184</string>
     </void>
    </object>
   </void>
   <void method="put">
    <string>com.swdc.codetime</string>
    <object class="java.util.ArrayList">
     <void method="add">
      <string>https://marketplace.eclipse.org#5063383</string>
     </void>
    </object>
   </void>
   <void method="put">
    <string>io.sloeber.feature.feature.group</string>
    <object class="java.util.ArrayList">
     <void method="add">
      <string>https://marketplace.eclipse.org#1465503</string>
     </void>
    </object>
   </void>
   <void method="put">
    <string>org.eclipse.wst.server_adapters.feature</string>
    <object class="java.util.ArrayList">
     <void method="add">
      <string>https://marketplace.eclipse.org#2963400</string>
     </void>
    </object>
   </void>
   <void method="put">
    <string>org.eclipse.embedcdt.managedbuild.cross.arm</string>
    <object class="java.util.ArrayList">
     <void method="add">
      <string>https://marketplace.eclipse.org#2593184</string>
     </void>
    </object>
   </void>
  </void>
  <void property="nodeKeyToIU">
   <void method="put">
    <string>https://marketplace.eclipse.org#5220472</string>
    <object class="java.util.ArrayList">
     <void method="add">
      <string>io.vertigo.dsl.feature</string>
     </void>
    </object>
   </void>
   <void method="put">
    <string>https://marketplace.eclipse.org#2427135</string>
    <object class="java.util.ArrayList">
     <void method="add">
      <string>org.agileware.natural.cucumber.feature</string>
     </void>
     <void method="add">
      <string>org.agileware.natural.jbehave.feature</string>
     </void>
    </object>
   </void>
   <void method="put">
    <string>https://marketplace.eclipse.org#391</string>
    <object class="java.util.ArrayList">
     <void method="add">
      <string>org.faktorips.feature</string>
     </void>
     <void method="add">
      <string>org.faktorips.feature.nls1</string>
     </void>
     <void method="add">
      <string>org.faktorips.groovy.feature</string>
     </void>
    </object>
   </void>
   <void method="put">
    <string>https://marketplace.eclipse.org#1675077</string>
    <object class="java.util.ArrayList">
     <void method="add">
      <string>com.wakatime.eclipse.feature</string>
     </void>
    </object>
   </void>
   <void method="put">
    <string>https://marketplace.eclipse.org#116</string>
    <object class="java.util.ArrayList">
     <void method="add">
      <string>nu.psnet.quickimage</string>
     </void>
    </object>
   </void>
   <void method="put">
    <string>https://marketplace.eclipse.org#204</string>
    <object class="java.util.ArrayList">
     <void method="add">
      <string>FileSync</string>
     </void>
    </object>
   </void>
   <void method="put">
    <string>https://marketplace.eclipse.org#2963400</string>
    <object class="java.util.ArrayList">
     <void method="add">
      <string>org.eclipse.wst.web_ui.feature</string>
     </void>
     <void method="add">
      <string>org.eclipse.wst.xml_ui.feature</string>
     </void>
     <void method="add">
      <string>org.eclipse.wst.web_js_support.feature</string>
     </void>
     <void method="add">
      <string>org.eclipse.wst.xsl.feature</string>
     </void>
     <void method="add">
      <string>org.eclipse.wildwebdeveloper.feature</string>
     </void>
     <void method="add">
      <string>org.eclipse.wst.server_adapters.feature</string>
     </void>
     <void method="add">
      <string>org.eclipse.tm.terminal.feature</string>
     </void>
     <void method="add">
      <string>org.eclipse.egit</string>
     </void>
     <void method="add">
      <string>org.eclipse.tips.feature</string>
     </void>
     <void method="add">
      <string>org.eclipse.wildwebdeveloper.embedder.node.feature</string>
     </void>
     <void method="add">
      <string>org.eclipse.wst.server_ui.feature</string>
     </void>
    </object>
   </void>
   <void method="put">
    <string>https://marketplace.eclipse.org#1103239</string>
    <object class="java.util.ArrayList">
     <void method="add">
      <string>org.eclipse.wst.web_ui.feature</string>
     </void>
    </object>
   </void>
   <void method="put">
    <string>https://marketplace.eclipse.org#5063383</string>
    <object class="java.util.ArrayList">
     <void method="add">
      <string>com.swdc.codetime</string>
     </void>
    </object>
   </void>
   <void method="put">
    <string>https://marketplace.eclipse.org#2593184</string>
    <object class="java.util.ArrayList">
     <void method="add">
      <string>org.eclipse.embedcdt.managedbuild.cross.arm</string>
     </void>
     <void method="add">
      <string>org.eclipse.embedcdt.managedbuild.cross.riscv</string>
     </void>
     <void method="add">
      <string>org.eclipse.embedcdt.codered</string>
     </void>
     <void method="add">
      <string>org.eclipse.embedcdt.debug.gdbjtag.jlink</string>
     </void>
     <void method="add">
      <string>org.eclipse.embedcdt.debug.gdbjtag.openocd</string>
     </void>
     <void method="add">
      <string>org.eclipse.embedcdt.debug.gdbjtag.pyocd</string>
     </void>
     <void method="add">
      <string>org.eclipse.embedcdt.debug.gdbjtag.qemu</string>
     </void>
     <void method="add">
      <string>org.eclipse.embedcdt.templates.stm</string>
     </void>
     <void method="add">
      <string>org.eclipse.embedcdt.templates.sifive</string>
     </void>
     <void method="add">
      <string>org.eclipse.embedcdt.templates.ad</string>
     </void>
     <void method="add">
      <string>org.eclipse.embedcdt.packs</string>
     </void>
     <void method="add">
      <string>org.eclipse.embedcdt.templates.cortexm</string>
     </void>
    </object>
   </void>
   <void method="put">
    <string>https://marketplace.eclipse.org#3759385</string>
    <object class="java.util.ArrayList">
     <void method="add">
      <string>cucumber.eclipse.feature</string>
     </void>
    </object>
   </void>
   <void method="put">
    <string>https://marketplace.eclipse.org#2503410</string>
    <object class="java.util.ArrayList">
     <void method="add">
      <string>io.mashin.oep.feature</string>
     </void>
    </object>
   </void>
   <void method="put">
    <string>https://marketplace.eclipse.org#1465503</string>
    <object class="java.util.ArrayList">
     <void method="add">
      <string>io.sloeber.feature.feature.group</string>
     </void>
    </object>
   </void>
   <void method="put">
    <string>https://marketplace.eclipse.org#2676358</string>
    <object class="java.util.ArrayList">
     <void method="add">
      <string>org.jboss.tools.hibernate.search.feature</string>
     </void>
    </object>
   </void>
  </void>
 </object>
</java>
